Emp_ID,Name,Department,Level,Campus
EMP0001,Ryan Barad,Sales,2,Delhi
EMP0002,Charvi Sekhon,Sales,3,Bangalore
EMP0003,Siya Sood,Marketing,2,Pune
EMP0004,Raghav Bahri,Marketing,3,Mumbai
EMP0005,Rohan Singhal,Admin,1,Hyderabad
EMP0006,Rohan Sachdeva,Admin,1,Pune
EMP0007,Neysa Sood,Engineering,2,Mumbai
EMP0008,Pari Grewal,HR,3,Bangalore
EMP0009,Renee Goda,HR,1,Mumbai
EMP0010,Zaina Varughese,Finance,2,Bangalore
EMP0011,Nirvi Biswas,Marketing,1,Pune
EMP0012,Mannat Balan,HR,2,Hyderabad
EMP0013,Samar Sankaran,Engineering,1,Hyderabad
EMP0014,Samaira Ratta,Sales,1,Hyderabad
EMP0015,Sana Sane,Marketing,1,Pune
EMP0016,Dishani Sankaran,Admin,1,Delhi
EMP0017,Dhanuk Bhargava,Sales,1,Pune
EMP0018,Jayant Lad,Engineering,2,Pune
EMP0019,Misha Chawla,Finance,3,Pune
EMP0020,Ranbir Varma,Finance,1,Hyderabad
EMP0021,Anahita Bhasin,Engineering,3,Mumbai
EMP0022,Kabir Basu,HR,2,Hyderabad
EMP0023,Hunar Singh,Engineering,3,Bangalore
EMP0024,Ahana  Dash,Admin,3,Pune
EMP0025,Parinaaz Sachar,Sales,1,Bangalore
EMP0026,Divit Chaudhry,Engineering,3,Pune
EMP0027,Nitya Apte,Marketing,3,Pune
EMP0028,Samaira Sandal,Finance,1,Delhi
EMP0029,Aarav Chada,HR,3,Mumbai
EMP0030,Yashvi Yogi,Marketing,3,Hyderabad
EMP0031,Ela Chana,HR,3,Mumbai
EMP0032,Anvi Chokshi,HR,2,Delhi
EMP0033,Shlok Khalsa,Finance,2,Pune
EMP0034,Devansh Sethi,Finance,3,Bangalore
EMP0035,Siya Bail,Sales,1,Hyderabad
EMP0036,Shray Venkatesh,Sales,1,Delhi
EMP0037,Ela Ramaswamy,Sales,2,Hyderabad
EMP0038,Kaira Sachar,Marketing,1,Mumbai
EMP0039,Diya Kari,Finance,3,Mumbai
EMP0040,Kabir Sampath,Engineering,2,Delhi
EMP0041,Veer Brahmbhatt,Sales,2,Delhi
EMP0042,Aarush Goda,Finance,2,Bangalore
EMP0043,Kimaya Handa,Marketing,2,Delhi
EMP0044,Tarini Sani,Sales,1,Delhi
EMP0045,Kashvi Handa,Engineering,3,Mumbai
EMP0046,Nayantara Hayer,Engineering,2,Mumbai
EMP0047,Yuvraj  Bhakta,Marketing,2,Delhi
EMP0048,Rati Gaba,Marketing,2,Hyderabad
EMP0049,Anaya Ganesh,Marketing,3,Delhi
EMP0050,Ivan Dhar,Sales,3,Bangalore
EMP0051,Miraya Batta,Finance,1,Hyderabad
EMP0052,Nishith Butala,Engineering,3,Pune
EMP0053,Kavya Kapadia,HR,1,Delhi
EMP0054,Taimur Khalsa,HR,2,Bangalore
EMP0055,Ryan Brar,Finance,3,Hyderabad
EMP0056,Indrajit Gala,Finance,1,Pune
EMP0057,Ayesha Kapoor,Admin,2,Delhi
EMP0058,Adira Gara,HR,1,Pune
EMP0059,Rati Dayal,HR,1,Hyderabad
EMP0060,Parinaaz Dar,Admin,1,Pune
EMP0061,Siya Shankar,Marketing,1,Delhi
EMP0062,Mohanlal Tella,Marketing,3,Bangalore
EMP0063,Damini Sanghvi,Marketing,1,Pune
EMP0064,Raunak Sathe,HR,3,Hyderabad
EMP0065,Pihu Mandal,Admin,2,Bangalore
EMP0066,Miraya Chowdhury,Sales,2,Mumbai
EMP0067,Stuvan Seshadri,Admin,2,Bangalore
EMP0068,Hansh Gola,Sales,3,Mumbai
EMP0069,Zain Dara,Sales,1,Mumbai
EMP0070,Aradhya Manda,Admin,3,Pune
EMP0071,Aaina Bhargava,Sales,3,Pune
EMP0072,Jayan Varkey,HR,2,Delhi
EMP0073,Kartik Dasgupta,Sales,2,Bangalore
EMP0074,Amani Swaminathan,Admin,3,Hyderabad
EMP0075,Hansh Dutta,Engineering,1,Hyderabad
EMP0076,Shray Deshmukh,Admin,2,Bangalore
EMP0077,Vanya Sarma,Finance,2,Mumbai
EMP0078,Manikya Dutt,Marketing,3,Mumbai
EMP0079,Purab Krishna,HR,3,Delhi
EMP0080,Ranbir Sanghvi,Finance,2,Mumbai
EMP0081,Anya Solanki,Engineering,1,Hyderabad
EMP0082,Zoya Lall,HR,2,Delhi
EMP0083,Zeeshan Char,Finance,1,Hyderabad
EMP0084,Adira Dar,Sales,1,Bangalore
EMP0085,Romil Batra,Finance,1,Hyderabad
EMP0086,Dishani Mammen,Finance,1,Delhi
EMP0087,Aradhya Butala,HR,1,Mumbai
EMP0088,Veer Madan,HR,1,Bangalore
EMP0089,Trisha Roy,Engineering,3,Mumbai
EMP0090,Zaina Rana,HR,3,Mumbai
EMP0091,Kimaya Chakraborty,Marketing,2,Hyderabad
EMP0092,Nitara Keer,Marketing,1,Hyderabad
EMP0093,Inaaya  Barad,Engineering,1,Bangalore
EMP0094,Fateh Gandhi,HR,1,Bangalore
EMP0095,Himmat Sachdev,Finance,1,Bangalore
EMP0096,Kaira Trivedi,Engineering,2,Hyderabad
EMP0097,Parinaaz Gopal,Finance,1,Pune
EMP0098,Yuvaan Sehgal,HR,1,Mumbai
EMP0099,Yuvraj  Varty,Engineering,3,Mumbai
EMP0100,Aarush Mangal,Sales,1,Pune
EMP0101,Hridaan Sandhu,Admin,3,Delhi
EMP0102,Hunar Balasubramanian,Admin,2,Mumbai
EMP0103,Nirvi Kadakia,Admin,1,Pune
EMP0104,Reyansh Subramanian,Finance,3,Mumbai
EMP0105,Trisha Barad,HR,3,Delhi
EMP0106,Azad Ghose,Marketing,3,Hyderabad
EMP0107,Ishita Kala,Finance,1,Bangalore
EMP0108,Mehul Badal,Finance,1,Bangalore
EMP0109,Riya Sharaf,Sales,2,Pune
EMP0110,Damini Agate,Finance,1,Hyderabad
EMP0111,Aarna Kale,Admin,3,Pune
EMP0112,Vivaan Vasa,HR,2,Pune
EMP0113,Khushi Dave,Engineering,3,Mumbai
EMP0114,Kashvi Rattan,Marketing,1,Mumbai
EMP0115,Sumer Chopra,Sales,1,Pune
EMP0116,Kanav Baral,HR,3,Bangalore
EMP0117,Bhamini Wason,Sales,3,Pune
EMP0118,Riya Raval,Admin,3,Mumbai
EMP0119,Eva Gopal,Marketing,3,Hyderabad
EMP0120,Tarini Desai,Sales,3,Mumbai
EMP0121,Anay Lad,Finance,2,Hyderabad
EMP0122,Stuvan Vasa,Sales,3,Delhi
EMP0123,Prisha Tandon,HR,1,Hyderabad
EMP0124,Anvi Shah,Sales,3,Hyderabad
EMP0125,Manjari Chauhan,Admin,2,Bangalore
EMP0126,Charvi Chand,Finance,1,Bangalore
EMP0127,Anahita Tak,HR,2,Delhi
EMP0128,Taimur Sibal,Sales,1,Hyderabad
EMP0129,Rhea Sastry,Finance,2,Bangalore
EMP0130,Riaan Dhar,Admin,3,Mumbai
EMP0131,Amira Goswami,HR,1,Hyderabad
EMP0132,Gatik Sani,HR,3,Pune
EMP0133,Mahika Baral,Engineering,2,Delhi
EMP0134,Yasmin Dhingra,Sales,3,Delhi
EMP0135,Mahika Varma,Finance,3,Delhi
EMP0136,Onkar Chander,HR,1,Bangalore
EMP0137,Jivika Chander,Marketing,3,Delhi
EMP0138,Vidur Sandal,Engineering,3,Hyderabad
EMP0139,Elakshi Talwar,Finance,1,Hyderabad
EMP0140,Divij Bera,HR,2,Mumbai
EMP0141,Arnav Kumar,Finance,1,Delhi
EMP0142,Vanya Bath,Sales,1,Mumbai
EMP0143,Prisha Desai,HR,3,Hyderabad
EMP0144,Kavya Subramaniam,Engineering,1,Delhi
EMP0145,Myra Mangal,Sales,1,Hyderabad
EMP0146,Divit Bora,Marketing,3,Bangalore
EMP0147,Anahi Datta,Sales,3,Pune
EMP0148,Seher Warrior,Marketing,1,Delhi
EMP0149,Uthkarsh Gour,Admin,3,Bangalore
EMP0150,Kashvi Aggarwal,Finance,2,Pune
EMP0151,Anaya Buch,Admin,2,Bangalore
EMP0152,Ojas Swamy,Marketing,3,Bangalore
EMP0153,Arhaan Tiwari,Sales,1,Pune
EMP0154,Renee Bora,Marketing,3,Pune
EMP0155,Taran Doshi,Engineering,3,Delhi
EMP0156,Heer Kannan,Engineering,3,Bangalore
EMP0157,Rhea Dua,Finance,3,Delhi
EMP0158,Ivana Varty,Marketing,3,Pune
EMP0159,Prerak Butala,Engineering,2,Mumbai
EMP0160,Vedika Taneja,Finance,2,Delhi
EMP0161,Indrajit Kuruvilla,Sales,1,Pune
EMP0162,Chirag Dani,Admin,3,Bangalore
EMP0163,Aradhya Gill,Finance,2,Pune
EMP0164,Arnav Biswas,Marketing,3,Mumbai
EMP0165,Abram Bansal,Engineering,2,Pune
EMP0166,Taimur Shroff,Engineering,3,Bangalore
EMP0167,Raghav Mannan,Finance,1,Delhi
EMP0168,Zeeshan Kaur,HR,2,Mumbai
EMP0169,Miraan Sinha,Marketing,2,Delhi
EMP0170,Kiara Zacharia,Admin,3,Delhi
EMP0171,Diya Barad,Sales,2,Mumbai
EMP0172,Vardaniya Bumb,Admin,2,Mumbai
EMP0173,Eshani Saraf,Sales,3,Delhi
EMP0174,Inaaya  Thaman,Sales,2,Delhi
EMP0175,Vaibhav Devan,Sales,1,Hyderabad
EMP0176,Nirvi Sunder,Admin,1,Hyderabad
EMP0177,Ritvik Dar,Sales,3,Hyderabad
EMP0178,Madhav Bir,Finance,2,Pune
EMP0179,Krish Bali,Finance,2,Bangalore
EMP0180,Zaina Tara,Admin,1,Pune
EMP0181,Zeeshan Rajagopalan,Sales,2,Hyderabad
EMP0182,Romil Dhar,HR,3,Pune
EMP0183,Taimur Sahni,Marketing,2,Bangalore
EMP0184,Onkar Varghese,Engineering,3,Delhi
EMP0185,Pari Lad,Marketing,2,Mumbai
EMP0186,Tara Lal,Admin,3,Hyderabad
EMP0187,Manikya Talwar,Sales,3,Pune
EMP0188,Tushar Trivedi,Sales,1,Hyderabad
EMP0189,Himmat Bala,Engineering,2,Mumbai
EMP0190,Vaibhav Grewal,Sales,3,Delhi
EMP0191,Lakshit Setty,Engineering,1,Delhi
EMP0192,Oorja Subramaniam,Finance,1,Pune
EMP0193,Divyansh Biswas,Sales,3,Hyderabad
EMP0194,Ivan Wali,HR,1,Hyderabad
EMP0195,Darshit Vasa,HR,1,Hyderabad
EMP0196,Alia Vala,Engineering,2,Pune
EMP0197,Samiha Wagle,HR,2,Delhi
EMP0198,Adah Banerjee,Marketing,1,Hyderabad
EMP0199,Dhruv Chahal,Finance,3,Delhi
EMP0200,Gokul Vyas,Marketing,3,Bangalore
EMP0201,Dharmajan Bhandari,HR,1,Bangalore
EMP0202,Manikya Banik,Sales,1,Delhi
EMP0203,Jayant Agate,Marketing,3,Pune
EMP0204,Raunak Devi,HR,2,Mumbai
EMP0205,Badal Sanghvi,Finance,1,Hyderabad
EMP0206,Ahana  Bansal,Admin,2,Pune
EMP0207,Ayesha Rama,Finance,3,Mumbai
EMP0208,Krish Samra,Engineering,2,Delhi
EMP0209,Saksham Devan,Sales,1,Delhi
EMP0210,Veer Bahl,Admin,2,Mumbai
EMP0211,Urvi Mangal,Finance,2,Pune
EMP0212,Ishaan Hegde,Sales,3,Hyderabad
EMP0213,Samiha Manne,Marketing,1,Bangalore
EMP0214,Chirag Balasubramanian,Engineering,2,Mumbai
EMP0215,Fateh Karpe,HR,3,Mumbai
EMP0216,Nirvi Khalsa,Admin,2,Bangalore
EMP0217,Taran Kota,HR,3,Pune
EMP0218,Renee Ramachandran,Marketing,3,Delhi
EMP0219,Stuvan Badami,HR,2,Delhi
EMP0220,Indrajit Sami,Admin,1,Hyderabad
EMP0221,Kashvi Raju,Sales,2,Hyderabad
EMP0222,Badal Vasa,Finance,3,Mumbai
EMP0223,Rania Ganguly,Admin,3,Delhi
EMP0224,Dharmajan Bir,Engineering,2,Hyderabad
EMP0225,Pihu Hans,Finance,1,Mumbai
EMP0226,Badal Bhatia,HR,1,Bangalore
EMP0227,Tejas Yadav,Admin,3,Delhi
EMP0228,Yashvi Toor,Marketing,1,Mumbai
EMP0229,Tejas Ganesh,Sales,1,Delhi
EMP0230,Anahita Badal,Admin,3,Pune
EMP0231,Kiaan Keer,HR,1,Bangalore
EMP0232,Uthkarsh Datta,Marketing,2,Bangalore
EMP0233,Adah Raval,Marketing,1,Delhi
EMP0234,Vardaniya Golla,Engineering,3,Bangalore
EMP0235,Akarsh Deo,Finance,1,Hyderabad
EMP0236,Tanya Sani,Admin,1,Hyderabad
EMP0237,Ritvik Wason,Engineering,1,Mumbai
EMP0238,Shayak Wadhwa,Admin,2,Bangalore
EMP0239,Anvi Thaman,Engineering,2,Pune
EMP0240,Gatik Bahl,HR,3,Mumbai
EMP0241,Nakul Saha,HR,3,Bangalore
EMP0242,Advik Gara,Engineering,3,Bangalore
EMP0243,Nirvaan Ratti,Engineering,3,Bangalore
EMP0244,Samar Reddy,Finance,1,Delhi
EMP0245,Oorja Iyer,Admin,2,Pune
EMP0246,Prerak Kuruvilla,Admin,3,Delhi
EMP0247,Shanaya Gill,HR,1,Mumbai
EMP0248,Anahita Chaudhry,Finance,3,Delhi
EMP0249,Rhea Kaur,Sales,2,Hyderabad
EMP0250,Kiara Rau,Sales,2,Delhi
EMP0251,Dhanush Varkey,HR,3,Mumbai
EMP0252,Mahika Arora,Admin,2,Mumbai
EMP0253,Hunar Dugar,Sales,2,Mumbai
EMP0254,Mamooty Taneja,Marketing,2,Delhi
EMP0255,Keya Hans,HR,1,Delhi
EMP0256,Yuvaan Ramachandran,Admin,2,Pune
EMP0257,Ayesha Seth,Admin,3,Delhi
EMP0258,Drishya Rout,Engineering,2,Pune
EMP0259,Aniruddh Bail,Finance,1,Mumbai
EMP0260,Elakshi Shukla,Sales,3,Delhi
EMP0261,Navya Butala,Admin,1,Pune
EMP0262,Farhan Khare,Engineering,1,Delhi
EMP0263,Hiran Keer,Finance,1,Delhi
EMP0264,Zaina Shanker,Marketing,1,Hyderabad
EMP0265,Chirag Lalla,Marketing,1,Pune
EMP0266,Yuvraj  Goswami,Marketing,1,Delhi
EMP0267,Ehsaan Mann,Engineering,3,Hyderabad
EMP0268,Vritika Raju,Admin,1,Bangalore
EMP0269,Adah Dugar,Admin,1,Hyderabad
EMP0270,Dishani Rege,Admin,3,Delhi
EMP0271,Jivin Ram,HR,2,Delhi
EMP0272,Taimur Grover,Sales,1,Bangalore
EMP0273,Ayesha Dutta,Sales,2,Delhi
EMP0274,Kiara Lalla,Finance,3,Hyderabad
EMP0275,Riya Tara,HR,1,Delhi
EMP0276,Inaaya  Wali,Admin,1,Delhi
EMP0277,Mehul Sachar,HR,3,Delhi
EMP0278,Fateh Chahal,Marketing,1,Pune
EMP0279,Lakshay Sethi,Engineering,1,Pune
EMP0280,Samar Thaker,Finance,3,Mumbai
EMP0281,Shanaya Rajan,Admin,3,Hyderabad
EMP0282,Aniruddh Sodhi,Engineering,2,Bangalore
EMP0283,Yasmin Dewan,Sales,2,Mumbai
EMP0284,Siya Bhatt,Engineering,3,Hyderabad
EMP0285,Divyansh Anne,Admin,3,Delhi
EMP0286,Aradhya Ranganathan,Finance,2,Hyderabad
EMP0287,Anvi Bahri,Marketing,3,Pune
EMP0288,Ira Ramanathan,Engineering,3,Pune
EMP0289,Tushar Bawa,Marketing,1,Hyderabad
EMP0290,Mishti Chatterjee,HR,3,Delhi
EMP0291,Shayak Tella,Admin,1,Hyderabad
EMP0292,Inaaya  Sodhi,Marketing,1,Mumbai
EMP0293,Lakshay Viswanathan,Marketing,3,Delhi
EMP0294,Vritika Bhat,Admin,1,Mumbai
EMP0295,Gokul Sehgal,Engineering,1,Hyderabad
EMP0296,Yuvraj  Hegde,Admin,1,Pune
EMP0297,Drishya Kata,Sales,3,Bangalore
EMP0298,Keya Samra,Sales,3,Delhi
EMP0299,Nitara Madan,Engineering,1,Bangalore
EMP0300,Baiju Golla,Engineering,1,Bangalore
EMP0301,Aarna Mangat,Engineering,3,Hyderabad
EMP0302,Jivin Sachdev,Admin,1,Pune
EMP0303,Aarush Issac,Marketing,1,Delhi
EMP0304,Charvi Anne,Engineering,2,Mumbai
EMP0305,Mannat Konda,Engineering,3,Mumbai
EMP0306,Dhanuk Doctor,Engineering,2,Pune
EMP0307,Ritvik Shenoy,Marketing,3,Hyderabad
EMP0308,Miraya Sekhon,HR,1,Delhi
EMP0309,Anay Sha,Engineering,1,Bangalore
EMP0310,Darshit Rana,Marketing,3,Delhi
EMP0311,Sumer Sant,Engineering,3,Delhi
EMP0312,Misha Rastogi,Marketing,1,Pune
EMP0313,Umang Sankaran,Engineering,1,Bangalore
EMP0314,Aaina Talwar,Admin,1,Mumbai
EMP0315,Baiju Mane,Sales,2,Hyderabad
EMP0316,Divyansh Chowdhury,Finance,3,Pune
EMP0317,Vivaan Dugar,Finance,1,Hyderabad
EMP0318,Hansh Bhatnagar,HR,2,Mumbai
EMP0319,Rati Sabharwal,Admin,2,Delhi
EMP0320,Mehul Karan,Finance,3,Pune
EMP0321,Faiyaz Som,Sales,2,Pune
EMP0322,Indranil Jani,Admin,2,Pune
EMP0323,Kiara Bobal,Sales,2,Mumbai
EMP0324,Mahika Bains,Engineering,1,Mumbai
EMP0325,Prerak Wali,Admin,2,Delhi
EMP0326,Raunak Chandran,Admin,3,Hyderabad
EMP0327,Saksham Karan,HR,1,Delhi
EMP0328,Pihu Kala,Engineering,2,Delhi
EMP0329,Alia Dalal,Marketing,3,Hyderabad
EMP0330,Shanaya Sarraf,Engineering,3,Hyderabad
EMP0331,Ojas Dora,Finance,1,Delhi
EMP0332,Samaira Vohra,Admin,2,Delhi
EMP0333,Aarav Butala,Finance,1,Pune
EMP0334,Chirag Grewal,HR,2,Pune
EMP0335,Manjari Tata,Sales,1,Delhi
EMP0336,Kartik Srinivasan,Admin,2,Delhi
EMP0337,Indranil Raja,Finance,3,Delhi
EMP0338,Parinaaz Wable,Finance,1,Delhi
EMP0339,Ayesha Sathe,HR,3,Delhi
EMP0340,Rasha Tella,Marketing,1,Pune
EMP0341,Miraan Loke,HR,3,Delhi
EMP0342,Ryan Bawa,Admin,3,Pune
EMP0343,Tanya Tank,Finance,3,Mumbai
EMP0344,Siya Batta,HR,2,Pune
EMP0345,Anvi Sura,HR,3,Mumbai
EMP0346,Charvi Mand,Admin,3,Delhi
EMP0347,Elakshi Kashyap,Engineering,3,Delhi
EMP0348,Ryan Contractor,Sales,2,Mumbai
EMP0349,Anahita Hans,Marketing,1,Mumbai
EMP0350,Nitara Sidhu,Admin,2,Hyderabad
EMP0351,Amani Sachdeva,HR,3,Hyderabad
EMP0352,Diya Handa,Admin,2,Delhi
EMP0353,Umang Halder,Finance,1,Delhi
EMP0354,Anahi Garde,HR,2,Delhi
EMP0355,Myra Kari,Admin,1,Mumbai
EMP0356,Jayan Badal,Marketing,3,Delhi
EMP0357,Arnav Krish,Finance,1,Delhi
EMP0358,Jhanvi Varughese,HR,2,Pune
EMP0359,Stuvan Saraf,Sales,2,Delhi
EMP0360,Abram Korpal,Engineering,1,Delhi
EMP0361,Raunak Chawla,Finance,1,Hyderabad
EMP0362,Misha Bhardwaj,Engineering,1,Bangalore
EMP0363,Uthkarsh Chadha,HR,3,Delhi
EMP0364,Armaan Sunder,Engineering,3,Bangalore
EMP0365,Kiara Dass,Sales,3,Mumbai
EMP0366,Heer Joshi,HR,2,Mumbai
EMP0367,Tiya Koshy,Sales,3,Delhi
EMP0368,Drishya Srinivasan,Admin,1,Hyderabad
EMP0369,Fateh Walia,HR,2,Hyderabad
EMP0370,Pari Varghese,Marketing,3,Hyderabad
EMP0371,Saira Uppal,HR,1,Bangalore
EMP0372,Romil Rana,Admin,1,Delhi
EMP0373,Kiara Sant,Admin,3,Mumbai
EMP0374,Jivika Dar,Sales,2,Mumbai
EMP0375,Mehul Bedi,Admin,3,Bangalore
EMP0376,Vardaniya Garg,Admin,3,Hyderabad
EMP0377,Divyansh Saxena,Admin,3,Mumbai
EMP0378,Kiaan Sangha,Finance,1,Mumbai
EMP0379,Devansh Hayer,Admin,3,Delhi
EMP0380,Anay Gupta,Sales,1,Hyderabad
EMP0381,Navya Jani,HR,2,Bangalore
EMP0382,Ryan Majumdar,Sales,3,Hyderabad
EMP0383,Priyansh Raman,Engineering,3,Delhi
EMP0384,Chirag Suri,Marketing,1,Pune
EMP0385,Yuvraj  Dhingra,Engineering,1,Hyderabad
EMP0386,Ira Goda,Admin,1,Delhi
EMP0387,Manikya Bains,Admin,1,Delhi
EMP0388,Hazel Sood,HR,3,Pune
EMP0389,Chirag Rajan,HR,1,Mumbai
EMP0390,Yuvraj  Bora,Marketing,1,Hyderabad
EMP0391,Sana Badal,Engineering,1,Delhi
EMP0392,Adah Grewal,Engineering,3,Hyderabad
EMP0393,Indranil Ratti,Admin,1,Hyderabad
EMP0394,Samarth Cherian,Marketing,3,Delhi
EMP0395,Amani Jhaveri,Marketing,3,Bangalore
EMP0396,Shray Chand,HR,3,Bangalore
EMP0397,Aarav Shetty,Admin,1,Delhi
EMP0398,Azad Jaggi,HR,3,Pune
EMP0399,Adira Shukla,HR,1,Mumbai
EMP0400,Hansh Bahl,Marketing,1,Hyderabad
EMP0401,Madhup Sarkar,Sales,2,Mumbai
EMP0402,Ritvik Ramanathan,Marketing,1,Delhi
EMP0403,Shaan Ghose,Sales,2,Mumbai
EMP0404,Romil Mani,Engineering,3,Delhi
EMP0405,Ivana Gala,HR,1,Hyderabad
EMP0406,Shayak Tak,Finance,1,Hyderabad
EMP0407,Oorja Shukla,Engineering,2,Delhi
EMP0408,Lavanya Yogi,Sales,2,Delhi
EMP0409,Rati Biswas,Finance,3,Pune
EMP0410,Advika Mani,Sales,3,Delhi
EMP0411,Samarth Kunda,Finance,3,Mumbai
EMP0412,Vanya Chadha,Marketing,3,Mumbai
EMP0413,Amani Handa,Sales,3,Mumbai
EMP0414,Sara Khurana,Finance,3,Delhi
EMP0415,Alisha Rana,Sales,2,Pune
EMP0416,Vivaan Kothari,Engineering,3,Mumbai
EMP0417,Yashvi Tella,HR,3,Delhi
EMP0418,Shayak Gaba,Sales,1,Mumbai
EMP0419,Zoya Kata,Admin,3,Mumbai
EMP0420,Saira Mall,Marketing,2,Delhi
EMP0421,Sumer Ratti,Marketing,2,Pune
EMP0422,Siya Bhargava,HR,3,Bangalore
EMP0423,Amira Deo,Admin,2,Pune
EMP0424,Abram Thakkar,Admin,2,Mumbai
EMP0425,Suhana Venkatesh,HR,2,Delhi
EMP0426,Nishith Kashyap,Engineering,2,Pune
EMP0427,Yasmin Rana,Sales,3,Pune
EMP0428,Kabir Bala,Engineering,2,Hyderabad
EMP0429,Shlok Shroff,Sales,1,Pune
EMP0430,Mehul Bal,Engineering,1,Bangalore
EMP0431,Baiju Magar,Finance,2,Bangalore
EMP0432,Elakshi Solanki,Engineering,3,Bangalore
EMP0433,Yuvaan Arora,Sales,1,Hyderabad
EMP0434,Mishti Date,Finance,3,Mumbai
EMP0435,Saira Koshy,Engineering,3,Pune
EMP0436,Badal Gupta,Engineering,1,Delhi
EMP0437,Zaina Chaudhry,Finance,3,Pune
EMP0438,Rati Sabharwal,Marketing,2,Bangalore
EMP0439,Tushar Mani,HR,2,Mumbai
EMP0440,Tarini Singhal,Finance,1,Hyderabad
EMP0441,Hunar Karpe,Finance,1,Pune
EMP0442,Damini Gade,Admin,3,Pune
EMP0443,Nirvaan Kapadia,Sales,1,Delhi
EMP0444,Faiyaz Biswas,Finance,3,Mumbai
EMP0445,Kiaan Bhandari,Sales,1,Hyderabad
EMP0446,Indrajit Bahl,Admin,3,Hyderabad
EMP0447,Misha Chad,Admin,2,Bangalore
EMP0448,Nakul Gandhi,Sales,3,Bangalore
EMP0449,Inaaya  Agate,Sales,1,Bangalore
EMP0450,Tanya Rattan,HR,2,Pune
EMP0451,Miraya Kapadia,HR,1,Delhi
EMP0452,Elakshi Sharma,Finance,1,Mumbai
EMP0453,Arhaan Shah,Sales,3,Mumbai
EMP0454,Lakshit Bail,HR,3,Bangalore
EMP0455,Onkar Varghese,Finance,2,Delhi
EMP0456,Khushi Wali,HR,1,Bangalore
EMP0457,Mahika Brar,Finance,3,Pune
EMP0458,Urvi Sachdev,HR,3,Mumbai
EMP0459,Nishith Cherian,Sales,1,Hyderabad
EMP0460,Vihaan Karnik,Marketing,1,Hyderabad
EMP0461,Shalv Biswas,Engineering,2,Delhi
EMP0462,Hunar Dayal,HR,1,Mumbai
EMP0463,Sumer Atwal,Marketing,1,Delhi
EMP0464,Vaibhav Goda,Sales,3,Hyderabad
EMP0465,Gatik Choudhary,Admin,3,Pune
EMP0466,Nakul Buch,Finance,3,Hyderabad
EMP0467,Dhanuk Tandon,Engineering,2,Mumbai
EMP0468,Damini Dixit,HR,2,Pune
EMP0469,Vihaan Bhatia,HR,3,Mumbai
EMP0470,Miraya Deol,Sales,3,Pune
EMP0471,Azad Sathe,Admin,3,Hyderabad
EMP0472,Mannat Sampath,Marketing,3,Mumbai
EMP0473,Faiyaz Bassi,HR,2,Bangalore
EMP0474,Advika Bahl,Sales,3,Pune
EMP0475,Mehul Mammen,Engineering,1,Hyderabad
EMP0476,Raghav Bali,Marketing,2,Delhi
EMP0477,Riaan Kala,Admin,2,Mumbai
EMP0478,Heer Sanghvi,Sales,1,Hyderabad
EMP0479,Aarush Sankar,HR,2,Mumbai
EMP0480,Pari Brar,Engineering,1,Pune
EMP0481,Indrajit Chokshi,Marketing,2,Mumbai
EMP0482,Riya Soni,Marketing,3,Mumbai
EMP0483,Biju Grover,HR,2,Mumbai
EMP0484,Ojas Wagle,Marketing,1,Pune
EMP0485,Bhavin Bawa,Finance,2,Hyderabad
EMP0486,Dhanuk Mangal,Marketing,1,Pune
EMP0487,Dhanush Rajan,Sales,3,Bangalore
EMP0488,Raghav Chander,Marketing,3,Mumbai
EMP0489,Adira Verma,Finance,1,Hyderabad
EMP0490,Divyansh Bedi,Marketing,1,Delhi
EMP0491,Farhan Lala,HR,1,Delhi
EMP0492,Manjari Chander,Finance,2,Pune
EMP0493,Riaan Iyengar,Engineering,3,Mumbai
EMP0494,Zoya Thaker,HR,1,Mumbai
EMP0495,Shray Arora,Marketing,3,Hyderabad
EMP0496,Romil Wable,Finance,1,Bangalore
EMP0497,Kismat Batta,Finance,2,Pune
EMP0498,Hunar Hayre,HR,1,Bangalore
EMP0499,Piya Krishna,Finance,2,Delhi
EMP0500,Suhana Swaminathan,Marketing,2,Bangalore
EMP0501,Umang Soman,Admin,2,Mumbai
EMP0502,Urvi Saini,HR,2,Mumbai
EMP0503,Lagan Yohannan,Engineering,3,Delhi
EMP0504,Aarush Dalal,Engineering,1,Hyderabad
EMP0505,Hrishita Seth,HR,3,Bangalore
EMP0506,Dharmajan Thaman,HR,2,Mumbai
EMP0507,Yashvi Kibe,Admin,2,Pune
EMP0508,Sahil Bajwa,Marketing,3,Pune
EMP0509,Samaira Savant,Admin,1,Delhi
EMP0510,Saira Korpal,Admin,1,Pune
EMP0511,Lagan Dube,Admin,3,Mumbai
EMP0512,Baiju Choudhary,Sales,2,Bangalore
EMP0513,Jivika Sule,Marketing,3,Hyderabad
EMP0514,Devansh Kade,HR,1,Pune
EMP0515,Piya Rama,Sales,2,Hyderabad
EMP0516,Hazel Jain,HR,1,Mumbai
EMP0517,Zara Manne,Sales,1,Mumbai
EMP0518,Prerak Kannan,Finance,1,Mumbai
EMP0519,Oorja Bhasin,Finance,2,Bangalore
EMP0520,Hansh Loke,Sales,2,Bangalore
EMP0521,Ivana Venkatesh,Engineering,1,Pune
EMP0522,Shayak Kunda,Admin,1,Bangalore
EMP0523,Gokul Varghese,HR,2,Mumbai
EMP0524,Diya Sandhu,Engineering,2,Hyderabad
EMP0525,Umang Goyal,Sales,2,Pune
EMP0526,Vardaniya Khanna,Engineering,1,Delhi
EMP0527,Aaina Ahluwalia,Marketing,3,Pune
EMP0528,Yuvaan Srinivasan,Engineering,1,Delhi
EMP0529,Uthkarsh Barad,Finance,3,Bangalore
EMP0530,Romil Sharma,Marketing,2,Hyderabad
EMP0531,Baiju Bhakta,Marketing,2,Pune
EMP0532,Aarush Sathe,Finance,2,Bangalore
EMP0533,Keya Dash,Finance,1,Bangalore
EMP0534,Darshit Buch,Marketing,1,Delhi
EMP0535,Anahi Keer,Finance,1,Delhi
EMP0536,Aaryahi Bhalla,Finance,2,Pune
EMP0537,Inaaya  Dube,Sales,2,Pune
EMP0538,Aradhya Gera,Engineering,2,Bangalore
EMP0539,Bhavin Vaidya,Engineering,3,Bangalore
EMP0540,Miraan Krishna,Finance,1,Hyderabad
EMP0541,Aradhya Barman,Finance,1,Pune
EMP0542,Umang Majumdar,Engineering,3,Mumbai
EMP0543,Piya Bawa,Marketing,3,Bangalore
EMP0544,Jivika Dass,Marketing,3,Pune
EMP0545,Kashvi Singh,HR,2,Pune
EMP0546,Eshani Subramaniam,Marketing,1,Mumbai
EMP0547,Advika Bhalla,Admin,3,Pune
EMP0548,Abram Ghosh,Engineering,1,Delhi
EMP0549,Yakshit Kale,Admin,2,Mumbai
EMP0550,Ela Saxena,HR,3,Hyderabad
EMP0551,Samar Krishna,Finance,3,Bangalore
EMP0552,Armaan Seshadri,Marketing,2,Pune
EMP0553,Charvi Sheth,Admin,3,Mumbai
EMP0554,Riya Khatri,Sales,1,Hyderabad
EMP0555,Ayesha Aurora,Admin,3,Pune
EMP0556,Gatik Kashyap,Engineering,1,Pune
EMP0557,Piya Raval,Sales,2,Delhi
EMP0558,Abram Jain,Admin,1,Mumbai
EMP0559,Shamik Kaur,Sales,1,Delhi
EMP0560,Riaan Sani,Marketing,1,Hyderabad
EMP0561,Romil Kadakia,Finance,3,Pune
EMP0562,Ishaan Vaidya,Admin,2,Hyderabad
EMP0563,Ojas Kant,Admin,3,Hyderabad
EMP0564,Inaaya  Dhawan,Sales,3,Delhi
EMP0565,Shayak Goyal,Marketing,2,Mumbai
EMP0566,Nirvi Kakar,Sales,3,Hyderabad
EMP0567,Kiara Wali,HR,3,Mumbai
EMP0568,Ishita Choudhry,Engineering,3,Mumbai
EMP0569,Manjari Varghese,Sales,2,Pune
EMP0570,Mohanlal Loyal,Finance,3,Pune
EMP0571,Aarna Bal,Sales,3,Bangalore
EMP0572,Kiara Sant,HR,2,Bangalore
EMP0573,Urvi Swaminathan,Engineering,1,Mumbai
EMP0574,Divit Khanna,Finance,3,Pune
EMP0575,Oorja Dube,Admin,1,Hyderabad
EMP0576,Sahil Subramaniam,Engineering,1,Pune
EMP0577,Mishti Mannan,Finance,1,Mumbai
EMP0578,Chirag Shankar,Finance,3,Hyderabad
EMP0579,Kavya Bora,Finance,3,Mumbai
EMP0580,Dharmajan Karnik,Sales,3,Delhi
EMP0581,Priyansh Hegde,HR,2,Bangalore
EMP0582,Nayantara Kakar,Engineering,2,Delhi
EMP0583,Ayesha Dixit,Sales,3,Mumbai
EMP0584,Dhanuk Bedi,Sales,3,Hyderabad
EMP0585,Mohanlal Toor,HR,3,Bangalore
EMP0586,Ranbir Mani,Engineering,3,Delhi
EMP0587,Seher Singhal,Marketing,2,Delhi
EMP0588,Divit Swamy,Marketing,1,Hyderabad
EMP0589,Shray Lalla,Admin,1,Pune
EMP0590,Kaira Kata,HR,3,Hyderabad
EMP0591,Chirag Karan,Finance,1,Bangalore
EMP0592,Heer Bhargava,Admin,2,Bangalore
EMP0593,Jivika Keer,Marketing,2,Hyderabad
EMP0594,Samar Rajagopal,Engineering,2,Hyderabad
EMP0595,Kiara Walla,Engineering,1,Pune
EMP0596,Shaan Vaidya,HR,2,Mumbai
EMP0597,Renee Gandhi,Admin,1,Delhi
EMP0598,Amira Chacko,Marketing,1,Mumbai
EMP0599,Diya Dhawan,Engineering,2,Delhi
EMP0600,Ahana  Randhawa,Marketing,3,Pune
EMP0601,Piya Krishnan,Sales,3,Hyderabad
EMP0602,Taran Sathe,Sales,3,Hyderabad
EMP0603,Aradhya Chahal,Marketing,3,Delhi
EMP0604,Shlok Banik,Finance,1,Hyderabad
EMP0605,Raghav Bala,Finance,1,Delhi
EMP0606,Rhea Banerjee,Admin,1,Delhi
EMP0607,Bhamini Dora,Finance,1,Mumbai
EMP0608,Rohan Dave,Finance,3,Delhi
EMP0609,Kiaan Tata,Engineering,2,Delhi
EMP0610,Jivin Choudhry,Finance,3,Delhi
EMP0611,Anay Mani,Engineering,1,Delhi
EMP0612,Romil Mane,Sales,3,Hyderabad
EMP0613,Dhanuk Dasgupta,Sales,3,Pune
EMP0614,Eshani Kashyap,Admin,3,Bangalore
EMP0615,Sumer Tak,Sales,3,Delhi
EMP0616,Vanya Hayer,Sales,3,Delhi
EMP0617,Kavya Luthra,Marketing,3,Pune
EMP0618,Tanya Arora,Engineering,1,Pune
EMP0619,Adah Badal,Admin,1,Delhi
EMP0620,Sahil Bains,HR,3,Pune
EMP0621,Kismat Dyal,HR,1,Delhi
EMP0622,Sumer Shere,Admin,2,Pune
EMP0623,Kartik Lalla,Sales,1,Bangalore
EMP0624,Tejas De,HR,1,Delhi
EMP0625,Adira Din,Sales,2,Delhi
EMP0626,Ira Sama,Engineering,3,Pune
EMP0627,Kiaan Sridhar,Engineering,1,Bangalore
EMP0628,Aayush Sahni,HR,1,Pune
EMP0629,Zeeshan Dixit,Admin,3,Hyderabad
EMP0630,Bhamini Shetty,Admin,3,Bangalore
EMP0631,Akarsh Deep,HR,2,Hyderabad
EMP0632,Jayesh Grewal,HR,1,Pune
EMP0633,Darshit Dalal,Marketing,1,Bangalore
EMP0634,Raghav Char,Sales,1,Pune
EMP0635,Zaina Kari,Sales,1,Pune
EMP0636,Bhavin Dani,Engineering,1,Bangalore
EMP0637,Akarsh Luthra,HR,1,Bangalore
EMP0638,Vihaan Gokhale,HR,1,Bangalore
EMP0639,Samiha Dada,Engineering,2,Hyderabad
EMP0640,Saira Sant,Admin,3,Hyderabad
EMP0641,Suhana Sahni,Admin,1,Bangalore
EMP0642,Jiya Contractor,Marketing,2,Hyderabad
EMP0643,Aaryahi Khalsa,Marketing,3,Delhi
EMP0644,Ranbir Cherian,HR,3,Hyderabad
EMP0645,Keya Talwar,Engineering,2,Hyderabad
EMP0646,Emir Jha,Marketing,2,Delhi
EMP0647,Lakshit Chakrabarti,Finance,2,Hyderabad
EMP0648,Ritvik Bhatt,Finance,1,Pune
EMP0649,Aayush Chopra,Admin,2,Mumbai
EMP0650,Rati Bansal,Finance,3,Hyderabad
EMP0651,Hansh Mangal,Marketing,3,Mumbai
EMP0652,Nirvaan Yohannan,HR,1,Bangalore
EMP0653,Shaan Kale,HR,1,Pune
EMP0654,Neysa Boase,Finance,3,Bangalore
EMP0655,Anay Mand,Admin,3,Mumbai
EMP0656,Mohanlal Chaudhary,Marketing,2,Bangalore
EMP0657,Lagan Bhatt,Engineering,2,Bangalore
EMP0658,Samaira Sharaf,Sales,2,Delhi
EMP0659,Sara Srivastava,Finance,2,Hyderabad
EMP0660,Zeeshan Doshi,Engineering,2,Bangalore
EMP0661,Saksham Bhatt,Admin,2,Hyderabad
EMP0662,Sara Subramaniam,Engineering,1,Hyderabad
EMP0663,Armaan Shankar,Engineering,1,Hyderabad
EMP0664,Vivaan Arora,Finance,1,Pune
EMP0665,Yuvaan Karan,Admin,3,Pune
EMP0666,Miraan Ramachandran,Sales,2,Mumbai
EMP0667,Ela Banerjee,Finance,3,Mumbai
EMP0668,Umang Mall,HR,2,Pune
EMP0669,Yuvraj  Kari,Marketing,1,Hyderabad
EMP0670,Vardaniya Sidhu,Engineering,1,Hyderabad
EMP0671,Ahana  Sachdeva,Sales,1,Mumbai
EMP0672,Mehul Bath,Engineering,2,Mumbai
EMP0673,Tanya Warrior,Engineering,2,Delhi
EMP0674,Madhup Sandal,Finance,2,Pune
EMP0675,Aaryahi Hayre,Admin,2,Mumbai
EMP0676,Indrans Iyer,Finance,2,Mumbai
EMP0677,Kartik Issac,Admin,3,Hyderabad
EMP0678,Dishani Das,Sales,3,Bangalore
EMP0679,Arnav Kunda,Sales,2,Hyderabad
EMP0680,Devansh Ranganathan,Sales,3,Bangalore
EMP0681,Divij Bawa,Admin,1,Hyderabad
EMP0682,Kavya Madan,Sales,3,Hyderabad
EMP0683,Jivika Chanda,Marketing,1,Mumbai
EMP0684,Kaira Hora,Sales,1,Hyderabad
EMP0685,Biju Bera,Engineering,2,Pune
EMP0686,Adah Biswas,HR,3,Delhi
EMP0687,Samiha Thakur,Admin,1,Pune
EMP0688,Eshani Sha,Finance,3,Pune
EMP0689,Sara Koshy,Engineering,2,Mumbai
EMP0690,Anahi Sachar,Sales,1,Delhi
EMP0691,Hiran Mammen,Admin,2,Bangalore
EMP0692,Anaya Wable,HR,3,Delhi
EMP0693,Vidur Bhatti,Engineering,3,Pune
EMP0694,Shanaya Agate,HR,2,Bangalore
EMP0695,Adah Loyal,Admin,1,Pune
EMP0696,Ranbir Wali,Marketing,2,Delhi
EMP0697,Priyansh Rout,Admin,1,Hyderabad
EMP0698,Raunak Lala,Finance,2,Hyderabad
EMP0699,Samar Kurian,Finance,2,Pune
EMP0700,Anya Rajagopalan,Sales,3,Pune
EMP0701,Azad Sant,Marketing,3,Pune
EMP0702,Lavanya Rajagopalan,HR,2,Pune
EMP0703,Hrishita Andra,HR,1,Hyderabad
EMP0704,Nitara Bhavsar,Engineering,2,Hyderabad
EMP0705,Taimur Arya,Finance,2,Pune
EMP0706,Vihaan Taneja,HR,3,Mumbai
EMP0707,Raunak Bahri,Marketing,2,Mumbai
EMP0708,Eshani Dua,Admin,1,Mumbai
EMP0709,Anay Saraf,Finance,2,Pune
EMP0710,Akarsh Dayal,Engineering,2,Hyderabad
EMP0711,Dhanush Bassi,HR,1,Mumbai
EMP0712,Lakshay Sama,Sales,1,Mumbai
EMP0713,Zaina Basak,Finance,3,Pune
EMP0714,Mamooty Sachar,HR,3,Mumbai
EMP0715,Riaan Gokhale,Sales,3,Hyderabad
EMP0716,Ryan Chakrabarti,Sales,3,Hyderabad
EMP0717,Mamooty Deep,Finance,3,Bangalore
EMP0718,Aradhya Suri,Marketing,1,Mumbai
EMP0719,Sahil Guha,Engineering,2,Hyderabad
EMP0720,Akarsh Kibe,Engineering,2,Hyderabad
EMP0721,Hansh Dasgupta,Marketing,3,Pune
EMP0722,Ivana Walia,Finance,1,Delhi
EMP0723,Anya Cherian,Finance,1,Pune
EMP0724,Manjari Sani,Marketing,2,Delhi
EMP0725,Aarush Balakrishnan,Marketing,2,Mumbai
EMP0726,Vedika Khurana,Finance,2,Pune
EMP0727,Nakul Bava,Engineering,2,Bangalore
EMP0728,Krish Hegde,Finance,3,Hyderabad
EMP0729,Reyansh Ravi,Marketing,2,Delhi
EMP0730,Khushi Chokshi,Sales,1,Bangalore
EMP0731,Reyansh Tandon,Admin,3,Bangalore
EMP0732,Shalv Mannan,Engineering,3,Delhi
EMP0733,Reyansh Bhardwaj,Engineering,2,Pune
EMP0734,Baiju Grover,Marketing,3,Pune
EMP0735,Ritvik Chawla,Admin,1,Hyderabad
EMP0736,Kaira Yohannan,Engineering,2,Mumbai
EMP0737,Hunar Madan,HR,2,Bangalore
EMP0738,Mehul Ravi,Sales,1,Delhi
EMP0739,Abram Yogi,Finance,3,Pune
EMP0740,Advika Gole,HR,3,Pune
EMP0741,Dishani Wali,Sales,2,Bangalore
EMP0742,Zain Tak,Sales,2,Pune
EMP0743,Akarsh Manda,Finance,3,Delhi
EMP0744,Manjari Kumer,Sales,2,Hyderabad
EMP0745,Zain Warrior,Marketing,1,Delhi
EMP0746,Vritika Garg,Engineering,2,Pune
EMP0747,Jivin Choudhury,Sales,3,Bangalore
EMP0748,Aradhya Bassi,Engineering,1,Pune
EMP0749,Aarna Grewal,Finance,2,Bangalore
EMP0750,Rania Basak,Admin,1,Delhi
EMP0751,Aaina Dhar,Engineering,1,Delhi
EMP0752,Pihu Ramanathan,Admin,2,Delhi
EMP0753,Baiju Goswami,Marketing,1,Bangalore
EMP0754,Faiyaz Kala,HR,3,Pune
EMP0755,Samarth Chana,Admin,2,Bangalore
EMP0756,Ishita Deep,Engineering,2,Mumbai
EMP0757,Akarsh Thakkar,Finance,1,Hyderabad
EMP0758,Vidur Talwar,HR,2,Hyderabad
EMP0759,Armaan Barman,Finance,3,Delhi
EMP0760,Pihu Vora,Sales,1,Pune
EMP0761,Ivan Dora,Sales,3,Mumbai
EMP0762,Indranil Warrior,Engineering,2,Hyderabad
EMP0763,Darshit Dara,Marketing,3,Hyderabad
EMP0764,Mannat Datta,Admin,1,Delhi
EMP0765,Yashvi Upadhyay,HR,1,Mumbai
EMP0766,Navya Bala,Finance,2,Mumbai
EMP0767,Bhamini Garde,HR,1,Mumbai
EMP0768,Dhruv Dhingra,Sales,2,Mumbai
EMP0769,Aarav Ramesh,HR,3,Mumbai
EMP0770,Kashvi Kapoor,Sales,3,Hyderabad
EMP0771,Elakshi Bhavsar,Finance,1,Pune
EMP0772,Jayan Buch,Finance,3,Mumbai
EMP0773,Rania Ghosh,Finance,3,Hyderabad
EMP0774,Onkar Jani,Marketing,2,Mumbai
EMP0775,Piya Raju,Engineering,3,Mumbai
EMP0776,Bhamini Sandal,Admin,2,Pune
EMP0777,Yakshit Kashyap,Sales,2,Pune
EMP0778,Shray Borde,Sales,2,Hyderabad
EMP0779,Pihu Madan,Engineering,3,Hyderabad
EMP0780,Neelofar Bail,Marketing,2,Hyderabad
EMP0781,Dhanush Sharma,HR,2,Pune
EMP0782,Anay Dara,Engineering,2,Bangalore
EMP0783,Samar Ganesh,Marketing,2,Pune
EMP0784,Sumer Kurian,HR,1,Delhi
EMP0785,Zain Wali,Finance,1,Bangalore
EMP0786,Saksham Brahmbhatt,Engineering,3,Bangalore
EMP0787,Dhruv Bala,Marketing,3,Bangalore
EMP0788,Keya Mammen,HR,2,Bangalore
EMP0789,Kiara Bhavsar,Marketing,2,Mumbai
EMP0790,Prerak Shankar,HR,1,Hyderabad
EMP0791,Misha Mammen,Marketing,2,Delhi
EMP0792,Hrishita Srinivas,Engineering,3,Bangalore
EMP0793,Nitara Bedi,HR,1,Mumbai
EMP0794,Raghav Bali,HR,2,Hyderabad
EMP0795,Hazel Ranganathan,Engineering,1,Bangalore
EMP0796,Diya Verma,Sales,3,Hyderabad
EMP0797,Ayesha Chana,Marketing,3,Mumbai
EMP0798,Prisha Kunda,HR,3,Delhi
EMP0799,Aarush Sridhar,Marketing,2,Delhi
EMP0800,Devansh Lala,Admin,3,Hyderabad
EMP0801,Aradhya Acharya,Marketing,3,Pune
EMP0802,Hiran Sekhon,Sales,2,Hyderabad
EMP0803,Umang Chaudhry,HR,2,Delhi
EMP0804,Tejas Sem,Finance,2,Bangalore
EMP0805,Kismat Ratta,Sales,2,Bangalore
EMP0806,Samiha Shroff,Sales,2,Delhi
EMP0807,Aaina Chahal,Sales,2,Mumbai
EMP0808,Kiara Apte,Engineering,2,Pune
EMP0809,Hazel Das,Finance,2,Delhi
EMP0810,Tejas Bhattacharyya,Marketing,2,Delhi
EMP0811,Hridaan Kumar,Engineering,3,Delhi
EMP0812,Himmat Thakkar,Sales,3,Delhi
EMP0813,Anaya Mangat,Marketing,1,Hyderabad
EMP0814,Dhanush Walla,Sales,2,Hyderabad
EMP0815,Mannat Majumdar,HR,1,Bangalore
EMP0816,Yakshit Thakur,Marketing,2,Bangalore
EMP0817,Himmat Sengupta,Engineering,2,Bangalore
EMP0818,Zain Dube,Finance,3,Pune
EMP0819,Nitya Kuruvilla,Sales,3,Delhi
EMP0820,Divit Bobal,HR,1,Hyderabad
EMP0821,Tanya Varghese,Marketing,2,Mumbai
EMP0822,Advika Dubey,Finance,3,Bangalore
EMP0823,Riaan Dugar,Finance,2,Hyderabad
EMP0824,Divij Acharya,Marketing,3,Pune
EMP0825,Kavya Bhatnagar,Engineering,2,Pune
EMP0826,Ivan Shere,Sales,1,Mumbai
EMP0827,Kismat Ram,Marketing,2,Bangalore
EMP0828,Aayush Raj,HR,2,Delhi
EMP0829,Saanvi Upadhyay,HR,2,Mumbai
EMP0830,Samiha Gade,Finance,1,Bangalore
EMP0831,Fateh Kothari,Admin,2,Pune
EMP0832,Sahil Kata,HR,3,Delhi
EMP0833,Vaibhav Chadha,Finance,3,Hyderabad
EMP0834,Samaira Lad,HR,2,Delhi
EMP0835,Divit Bhardwaj,Admin,2,Mumbai
EMP0836,Ira Jani,Sales,2,Mumbai
EMP0837,Divyansh Virk,Finance,3,Bangalore
EMP0838,Tiya Anand,HR,2,Mumbai
EMP0839,Mishti Gala,Sales,2,Hyderabad
EMP0840,Miraan Jayaraman,Marketing,1,Hyderabad
EMP0841,Vritika Sood,Finance,3,Mumbai
EMP0842,Samar Barad,Admin,1,Hyderabad
EMP0843,Tejas Bala,Admin,1,Pune
EMP0844,Aaryahi Varughese,Sales,1,Mumbai
EMP0845,Pari Dugar,Engineering,2,Mumbai
EMP0846,Divit Korpal,Admin,1,Hyderabad
EMP0847,Shayak Lad,HR,1,Pune
EMP0848,Veer Deo,Engineering,3,Delhi
EMP0849,Yakshit Jaggi,Engineering,2,Bangalore
EMP0850,Ayesha Chaudhary,Admin,1,Pune
EMP0851,Emir Subramaniam,Admin,1,Pune
EMP0852,Umang Mallick,HR,3,Pune
EMP0853,Prerak Iyer,Admin,2,Delhi
EMP0854,Badal Hayre,Engineering,2,Bangalore
EMP0855,Stuvan Chaudhary,HR,2,Pune
EMP0856,Krish Goel,Admin,1,Bangalore
EMP0857,Indrans Bansal,HR,3,Mumbai
EMP0858,Ira Joshi,HR,2,Pune
EMP0859,Oorja Kari,Engineering,3,Hyderabad
EMP0860,Ayesha Doshi,Finance,2,Bangalore
EMP0861,Jayant Ghosh,Marketing,3,Delhi
EMP0862,Shlok Virk,Marketing,3,Mumbai
EMP0863,Mehul Bora,Sales,2,Bangalore
EMP0864,Ayesha Dubey,Admin,1,Mumbai
EMP0865,Kabir Gour,Finance,3,Pune
EMP0866,Lagan Chandran,Finance,2,Pune
EMP0867,Krish Venkataraman,Engineering,1,Delhi
EMP0868,Saanvi Chhabra,Admin,1,Hyderabad
EMP0869,Pihu Manne,Finance,3,Bangalore
EMP0870,Tara Arya,Engineering,1,Mumbai
EMP0871,Samarth Wable,Marketing,2,Pune
EMP0872,Yuvraj  Baria,Finance,2,Pune
EMP0873,Rohan Khalsa,Engineering,1,Delhi
EMP0874,Madhav Goyal,Finance,2,Delhi
EMP0875,Manjari Dara,Finance,2,Hyderabad
EMP0876,Shayak Chaudhry,HR,1,Hyderabad
EMP0877,Mamooty Basu,Sales,2,Pune
EMP0878,Aradhya Sheth,Finance,3,Bangalore
EMP0879,Anika Mahal,Admin,3,Mumbai
EMP0880,Ehsaan Jani,Marketing,1,Mumbai
EMP0881,Shamik Lanka,Marketing,2,Bangalore
EMP0882,Vedika Garde,HR,2,Pune
EMP0883,Ivan Sathe,Marketing,1,Pune
EMP0884,Kimaya Dave,Finance,3,Delhi
EMP0885,Ayesha Singhal,Engineering,3,Delhi
EMP0886,Rania Kamdar,Sales,1,Bangalore
EMP0887,Divyansh Hegde,Finance,3,Mumbai
EMP0888,Taran Thaker,Finance,2,Pune
EMP0889,Damini Shetty,Engineering,3,Mumbai
EMP0890,Shanaya Shankar,Finance,2,Pune
EMP0891,Miraan Soman,Admin,3,Hyderabad
EMP0892,Jayesh Singhal,Sales,2,Hyderabad
EMP0893,Devansh Behl,HR,2,Delhi
EMP0894,Badal Gopal,Engineering,3,Pune
EMP0895,Neysa Kale,Engineering,3,Delhi
EMP0896,Hridaan Golla,Engineering,3,Hyderabad
EMP0897,Myra Sant,Finance,3,Pune
EMP0898,Ritvik Balasubramanian,Admin,3,Delhi
EMP0899,Tarini Thakur,Engineering,2,Pune
EMP0900,Yasmin Raval,HR,3,Bangalore
EMP0901,Nitara Kara,Sales,1,Delhi
EMP0902,Drishya Dass,Finance,1,Pune
EMP0903,Mishti Mani,Sales,3,Hyderabad
EMP0904,Zoya Borde,Admin,2,Mumbai
EMP0905,Myra Hari,Engineering,3,Hyderabad
EMP0906,Shanaya Sankaran,Admin,2,Bangalore
EMP0907,Faiyaz Rao,Engineering,2,Delhi
EMP0908,Nakul Rao,Marketing,3,Delhi
EMP0909,Purab Shere,Marketing,2,Delhi
EMP0910,Tara Walia,Finance,3,Mumbai
EMP0911,Badal Kannan,Admin,3,Delhi
EMP0912,Neysa Sankar,Admin,3,Pune
EMP0913,Sumer Sachar,HR,2,Delhi
EMP0914,Badal Sule,Marketing,3,Pune
EMP0915,Tushar Bora,Marketing,3,Pune
EMP0916,Neysa Madan,Finance,2,Pune
EMP0917,Emir Chander,Admin,3,Mumbai
EMP0918,Priyansh Kibe,Finance,2,Pune
EMP0919,Dishani Chaudhuri,Admin,1,Pune
EMP0920,Gokul Mall,Finance,2,Pune
EMP0921,Krish Kala,Marketing,3,Pune
EMP0922,Anika Kannan,Sales,1,Mumbai
EMP0923,Hansh Bath,Admin,1,Bangalore
EMP0924,Himmat Bhattacharyya,Sales,1,Bangalore
EMP0925,Sumer Dua,HR,2,Hyderabad
EMP0926,Inaaya  Tiwari,HR,3,Hyderabad
EMP0927,Saira Bora,Engineering,3,Delhi
EMP0928,Kiaan Gole,Finance,2,Pune
EMP0929,Manjari Rastogi,HR,3,Pune
EMP0930,Prisha Sem,Sales,2,Pune
EMP0931,Aaryahi Batra,Engineering,3,Pune
EMP0932,Hazel Basu,Marketing,3,Mumbai
EMP0933,Nitara Kari,Admin,2,Mumbai
EMP0934,Adah Kamdar,Marketing,1,Mumbai
EMP0935,Sana Dhillon,Engineering,3,Hyderabad
EMP0936,Oorja Subramaniam,HR,1,Hyderabad
EMP0937,Tushar Ramakrishnan,HR,1,Pune
EMP0938,Aarna Das,HR,3,Hyderabad
EMP0939,Stuvan Banik,HR,2,Pune
EMP0940,Jivin Gala,Finance,3,Delhi
EMP0941,Jiya Sule,Admin,3,Mumbai
EMP0942,Sumer Chowdhury,Marketing,2,Bangalore
EMP0943,Nitara Borra,Sales,2,Mumbai
EMP0944,Nitara Talwar,Engineering,2,Pune
EMP0945,Sumer Tella,Admin,3,Mumbai
EMP0946,Divit Wadhwa,Marketing,1,Mumbai
EMP0947,Zain Loke,Finance,1,Bangalore
EMP0948,Pranay Sawhney,Admin,3,Mumbai
EMP0949,Tiya Shroff,Marketing,3,Hyderabad
EMP0950,Lakshay Suresh,Engineering,1,Pune
EMP0951,Stuvan Din,Sales,1,Hyderabad
EMP0952,Divit Hayre,Finance,3,Pune
EMP0953,Taimur Doctor,HR,2,Mumbai
EMP0954,Stuvan Basu,Finance,3,Mumbai
EMP0955,Hiran Shukla,Admin,3,Pune
EMP0956,Drishya Kant,Finance,3,Hyderabad
EMP0957,Krish Sheth,HR,1,Delhi
EMP0958,Indrajit Ganesh,Marketing,3,Bangalore
EMP0959,Rania Sangha,Marketing,3,Pune
EMP0960,Ritvik Jha,HR,2,Bangalore
EMP0961,Kavya Kale,Sales,1,Hyderabad
EMP0962,Ritvik Tiwari,Marketing,1,Pune
EMP0963,Nirvaan Maharaj,Finance,3,Mumbai
EMP0964,Baiju Chowdhury,Marketing,1,Mumbai
EMP0965,Armaan Reddy,Engineering,3,Mumbai
EMP0966,Seher Dixit,Engineering,1,Delhi
EMP0967,Mamooty Dar,HR,2,Delhi
EMP0968,Vivaan Andra,Finance,1,Bangalore
EMP0969,Manjari Dani,HR,3,Hyderabad
EMP0970,Vritika Bhat,Sales,1,Pune
EMP0971,Alia Kannan,Sales,1,Delhi
EMP0972,Adira Bahl,Finance,2,Mumbai
EMP0973,Kiaan Barad,Finance,2,Delhi
EMP0974,Armaan Sampath,HR,2,Hyderabad
EMP0975,Divyansh Dua,Sales,1,Pune
EMP0976,Anvi Sodhi,HR,1,Bangalore
EMP0977,Riaan Sidhu,Engineering,2,Hyderabad
EMP0978,Kartik Rama,Finance,2,Pune
EMP0979,Adah Srinivas,HR,3,Hyderabad
EMP0980,Amani Badal,Sales,2,Mumbai
EMP0981,Rohan Suri,Marketing,3,Hyderabad
EMP0982,Uthkarsh Doctor,Finance,1,Mumbai
EMP0983,Arhaan Gola,Sales,3,Mumbai
EMP0984,Aaina Saraf,HR,1,Pune
EMP0985,Vanya Konda,Marketing,2,Bangalore
EMP0986,Tushar Virk,Finance,3,Delhi
EMP0987,Shayak Basu,Engineering,3,Mumbai
EMP0988,Nayantara Hegde,Finance,3,Mumbai
EMP0989,Amani Shetty,Sales,3,Pune
EMP0990,Vanya Kapadia,Finance,2,Pune
EMP0991,Aaryahi Lanka,Admin,1,Bangalore
EMP0992,Sahil Doctor,Admin,3,Delhi
EMP0993,Shayak Kari,Finance,1,Delhi
EMP0994,Vivaan Sharaf,Sales,1,Pune
EMP0995,Kiaan Mallick,Admin,3,Delhi
EMP0996,Ayesha Mandal,Finance,1,Hyderabad
EMP0997,Sahil Brahmbhatt,Sales,1,Mumbai
EMP0998,Mohanlal Bera,Marketing,1,Bangalore
EMP0999,Lagan Chahal,Admin,2,Delhi
EMP1000,Divit Doshi,Finance,3,Pune
